emoticon,cnt
_slightly_smiling_face_,17906
_blue_heart_,17477
_smiling_face_with_smiling_eyes_,12417
_red_heart_,12140
_face_with_tears_of_joy_,11006
_smiling_face_with_heart-eyes_,7446
_purple_heart_,6466
_clapping_hands_,5282
_thumbs_up_,3784
_winking_face_,3709
_pouting_face_,3650
_pleading_face_,3103
_thinking_face_,3064
_fire_,3013
_beaming_face_with_smiling_eyes_,2878
_smiling_face_with_sunglasses_,2808
_backhand_index_pointing_down_,2775
_loudly_crying_face_,2599
_folded_hands_,2367
_rolling_on_the_floor_laughing_,2268
_smiling_face_with_open_hands_,2237
_face_with_rolling_eyes_,2074
_grinning_face_,2017
_grinning_face_with_sweat_,1898
_pensive_face_,1875
_smiling_face_,1759
_smirking_face_,1712
_smiling_face_with_hearts_,1644
_clapping_hands_light_skin_tone_,1605
_grinning_face_with_smiling_eyes_,1509
_unamused_face_,1422
_partying_face_,1410
_crying_face_,1324
_backhand_index_pointing_right_,1191
_registered_,1176
_star-struck_,1073
_heart_suit_,1070
_folded_hands_light_skin_tone_,1052
_Turkey_,1047
_dog_face_,1039
_flexed_biceps_,1024
_cat_face_,1020
_party_popper_,1003
_angry_face_,937
_two_hearts_,924
_relieved_face_,872
_grinning_face_with_big_eyes_,847
_yellow_heart_,843
_thumbs_up_light_skin_tone_,832
_upside-down_face_,815
_face_with_symbols_on_mouth_,800
_disappointed_face_,764
_thumbs_down_,761
_confused_face_,760
_grimacing_face_,756
_smiling_face_with_halo_,754
_face_blowing_a_kiss_,752
_cherry_blossom_,741
_victory_hand_,727
_eyes_,705
_face_savoring_food_,699
_see-no-evil_monkey_,681
_OK_hand_,653
_face_with_hand_over_mouth_,653
_sparkles_,651
_green_heart_,614
_black_heart_,572
_clapping_hands_medium-light_skin_tone_,568
_trophy_,556
_herb_,554
_hamburger_,545
_face_screaming_in_fear_,518
_expressionless_face_,516
_eagle_,484
_sparkling_heart_,480
_woman_facepalming_light_skin_tone_,471
_zany_face_,466
_wrapped_gift_,461
_heart_exclamation_,452
_oncoming_fist_,446
_clapping_hands_medium_skin_tone_,442
_face_with_steam_from_nose_,440
_glowing_star_,436
_grinning_squinting_face_,434
_smiling_face_with_horns_,424
_backhand_index_pointing_right_light_skin_tone_,421
_frowning_face_,421
_smiling_cat_with_heart-eyes_,419
_drooling_face_,388
_flushed_face_,384
_revolving_hearts_,383
_sun_,379
_popcorn_,377
_woman_dancing_,376
_sad_but_relieved_face_,375
_winking_face_with_tongue_,361
_growing_heart_,357
_television_,355
_red_exclamation_mark_,353
_leaf_fluttering_in_wind_,346
_balloon_,345
_nerd_face_,344
_broken_heart_,340
_face_with_monocle_,320
_OK_hand_light_skin_tone_,319
_woman_facepalming_,314
_check_mark_button_,312
_face_with_raised_eyebrow_,310
_crown_,309
_face_vomiting_,307
_high_voltage_,307
_lipstick_,300
_orange_heart_,300
_thumbs_up_medium-light_skin_tone_,298
_weary_face_,294
_four_leaf_clover_,292
_heart_with_arrow_,287
_kiss_mark_,283
_stadium_,279
_star_,272
_pushpin_,269
_sun_with_face_,269
_collision_,267
_poultry_leg_,265
_folded_hands_medium-light_skin_tone_,262
_dizzy_,258
_sleepy_face_,257
_check_mark_,256
_soccer_ball_,250
_neutral_face_,246
_beating_heart_,244
_thumbs_down_light_skin_tone_,243
_backhand_index_pointing_down_light_skin_tone_,242
_double_exclamation_mark_,239
_persevering_face_,229
_woman_dancing_light_skin_tone_,228
_rose_,227
_waving_hand_,226
_exploding_head_,224
_bouquet_,217
_candle_,212
_raising_hands_,208
_victory_hand_light_skin_tone_,207
_smiling_face_with_tear_,205
_woman_facepalming_medium-light_skin_tone_,199
_confetti_ball_,198
_hundred_points_,197
_slightly_frowning_face_,196
_right_arrow_,189
_woman_shrugging_light_skin_tone_,187
_blossom_,185
_man_facepalming_light_skin_tone_,184
_man_facepalming_,182
_sneezing_face_,181
_white_heart_,181
_tired_face_,179
_megaphone_,178
_raised_hand_,174
_cross_mark_,174
_shushing_face_,171
_snowflake_,169
_flexed_biceps_light_skin_tone_,166
_cigarette_,165
_downcast_face_with_sweat_,163
_nazar_amulet_,163
_Christmas_tree_,158
_french_fries_,157
_worried_face_,157
_backhand_index_pointing_left_,156
_alarm_clock_,155
_rainbow_,155
_face_without_mouth_,155
_hibiscus_,154
_backhand_index_pointing_right_medium-light_skin_tone_,154
_handshake_,152
_clapper_board_,152
_trade_mark_,150
_droplet_,150
_hot_beverage_,147
_woozy_face_,143
_oncoming_fist_light_skin_tone_,143
_rocket_,141
_nauseated_face_,140
_shopping_bags_,140
_woman_shrugging_,139
_squinting_face_with_tongue_,139
_musical_notes_,133
_down_arrow_,132
_palms_up_together_,131
_face_with_tongue_,127
_palms_up_together_light_skin_tone_,126
_red_question_mark_,124
_film_projector_,124
_astonished_face_,122
_camera_,122
_woman_raising_hand_light_skin_tone_,118
_movie_camera_,118
_camera_with_flash_,117
_lion_,117
_lemon_,116
_man_shrugging_,114
_face_with_medical_mask_,113
_sign_of_the_horns_,112
_heart_with_ribbon_,111
_butterfly_,106
_soft_ice_cream_,105
_person_raising_hand_,104
_face_with_open_mouth_,104
_raising_hands_medium-light_skin_tone_,102
_speak-no-evil_monkey_,102
_exclamation_question_mark_,101
_video_game_,100
_ogre_,100
_anxious_face_with_sweat_,99
_https_,99
_ghost_,98
_hushed_face_,97
_gem_stone_,97
_writing_hand_,96
_books_,96
_eye_,93
_man_raising_hand_light_skin_tone_,93
_airplane_,91
_man_shrugging_light_skin_tone_,90
_confounded_face_,90
_birthday_cake_,90
_sweat_droplets_,89
_OK_hand_medium-light_skin_tone_,87
_person_raising_hand_medium-light_skin_tone_,87
_kissing_face_with_closed_eyes_,87
_hand_with_fingers_splayed_,87
_person_facepalming_,86
_shopping_cart_,85
_globe_showing_Europe-Africa_,85
_woman_shrugging_medium-light_skin_tone_,84
_flexed_biceps_medium-light_skin_tone_,84
_woman_raising_hand_,83
_kitchen_knife_,83
_tangerine_,83
_seedling_,82
_hatching_chick_,82
_artist_palette_,81
_house_,81
_nail_polish_,79
_red_apple_,79
_thumbs_down_medium-light_skin_tone_,78
_call_me_hand_,78
_sunflower_,78
_crying_cat_,78
_raising_hands_light_skin_tone_,77
_play_button_,76
_mobile_phone_,75
_waving_hand_light_skin_tone_,75
_bomb_,75
_mobile_phone_with_arrow_,75
_prohibited_,75
_microphone_,75
_nail_polish_light_skin_tone_,74
_victory_hand_medium-light_skin_tone_,74
_chequered_flag_,74
_pile_of_poo_,73
_beach_with_umbrella_,73
_backhand_index_pointing_left_light_skin_tone_,72
_sleeping_face_,71
_woman_dancing_medium-light_skin_tone_,71
_tulip_,71
_warning_,70
_deciduous_tree_,69
_money_bag_,69
_full_moon_face_,68
_mouth_,68
_water_pistol_,68
_hourglass_not_done_,66
_fearful_face_,66
_fish_,66
_woman_tipping_hand_medium-light_skin_tone_,66
_paw_prints_,66
_police_car_light_,66
_man_dancing_,66
_zipper-mouth_face_,66
_automobile_,65
_cat_,65
_man_raising_hand_,64
_person_running_,64
_strawberry_,64
_lollipop_,63
_money_with_wings_,63
_crossed_fingers_,63
_face_with_crossed-out_eyes_,62
_snake_,61
_water_wave_,61
_1st_place_medal_,61
_running_shoe_,61
_kissing_face_with_smiling_eyes_,61
_folded_hands_medium_skin_tone_,59
_woman_tipping_hand_light_skin_tone_,59
_sign_of_the_horns_light_skin_tone_,59
_sheaf_of_rice_,58
_front-facing_baby_chick_,58
_speaking_head_,58
_bright_button_,58
_oncoming_fist_medium-light_skin_tone_,58
_skull_and_crossbones_,57
_globe_showing_Americas_,57
_euro_banknote_,57
_candy_,56
_round_pushpin_,56
_cherries_,56
_heart_decoration_,56
_ribbon_,55
_angry_face_with_horns_,54
_snowman_,54
_hot_face_,54
_man_facepalming_medium-light_skin_tone_,53
_person_tipping_hand_medium-light_skin_tone_,53
_woman_raising_hand_medium-light_skin_tone_,53
_loudspeaker_,53
_backhand_index_pointing_down_medium-light_skin_tone_,53
_woman_health_worker_,52
_magnifying_glass_tilted_right_,52
_package_,52
_chocolate_bar_,52
_calendar_,51
_red_circle_,50
_cowboy_hat_face_,50
_love-you_gesture_,50
_musical_score_,50
_shallow_pan_of_food_,49
_raised_hand_light_skin_tone_,49
_horse_,49
_clown_face_,49
_cup_with_straw_,49
_skull_,49
_index_pointing_up_,49
_dollar_banknote_,48
_robot_,48
_palm_tree_,48
_unicorn_,47
_crossed_swords_,47
_woman_running_,47
_woman_facepalming_medium_skin_tone_,45
_glasses_,45
_laptop_,45
_fallen_leaf_,45
_shamrock_,45
_pizza_,45
_cookie_,44
_cat_with_tears_of_joy_,44
_telephone_receiver_,44
_call_me_hand_light_skin_tone_,44
_clinking_glasses_,44
_man_health_worker_,44
_high-heeled_shoe_,44
_thumbs_up_medium_skin_tone_,43
_milky_way_,43
_cloud_,43
_love_letter_,43
_bell_,43
_raised_fist_,42
_sport_utility_vehicle_,42
_couple_with_heart_,42
_money-mouth_face_,41
_ring_,41
_man_running_,41
_maple_leaf_,41
_volleyball_,41
_recycling_symbol_,41
_lady_beetle_,40
_headphone_,40
_shower_,40
_honeybee_,40
_pot_of_food_,39
_crescent_moon_,39
_woman_gesturing_OK_light_skin_tone_,39
_oncoming_automobile_,39
_musical_note_,39
_evergreen_tree_,39
_clinking_beer_mugs_,38
_grapes_,38
_woman_dancing_medium_skin_tone_,38
_cold_face_,37
_middle_finger_,37
_watermelon_,37
_tongue_,37
_clipboard_,37
_woman_fairy_,37
_battery_,36
_alien_,36
_basketball_,36
_dashing_away_,35
_magnifying_glass_tilted_left_,35
_person_shrugging_,35
_speaker_high_volume_,35
_dog_,35
_weary_cat_,34
_love-you_gesture_light_skin_tone_,34
_brown_heart_,34
_woman_and_man_holding_hands_,34
_green_apple_,33
_link_,33
_crystal_ball_,33
_ice_cream_,33
_comet_,33
_backhand_index_pointing_up_,32
_white_circle_,32
_tomato_,32
_snowman_without_snow_,32
_avocado_,32
_women_with_bunny_ears_,31
_fireworks_,31
_shaved_ice_,31
_writing_hand_light_skin_tone_,31
_film_frames_,31
_brain_,31
_goblin_,31
_man_dancing_light_skin_tone_,31
_bullseye_,31
_mage_,30
_delivery_truck_,30
_face_with_thermometer_,30
_person_gesturing_OK_,30
_woman_fairy_light_skin_tone_,30
_crossed_fingers_light_skin_tone_,30
_kissing_face_,30
_face_with_head-bandage_,29
_wilted_flower_,29
_jack-o-lantern_,29
_broccoli_,29
_spiral_calendar_,29
_peach_,29
_beer_mug_,29
_hourglass_done_,29
_penguin_,28
_speech_balloon_,28
_light_bulb_,28
_hear-no-evil_monkey_,28
_selfie_,28
_tumbler_glass_,28
_radio_button_,28
_girl_,28
_carrot_,28
_motor_scooter_,28
_turtle_,28
_mechanical_arm_,27
_left-facing_fist_light_skin_tone_,27
_flexed_biceps_dark_skin_tone_,27
_footprints_,27
_person_gesturing_NO_,27
_memo_,27
_new_moon_face_,27
_frowning_face_with_open_mouth_,27
_wine_glass_,27
_telephone_,27
_rainbow_flag_,27
_yawning_face_,27
_cyclone_,27
_waving_hand_medium-light_skin_tone_,27
_dagger_,27
_person_raising_hand_light_skin_tone_,27
_pencil_,26
_bow_and_arrow_,26
_OK_hand_medium_skin_tone_,26
_anguished_face_,26
_SOS_button_,26
_bird_,26
_clapping_hands_dark_skin_tone_,26
_dove_,26
_woman_tipping_hand_,26
_raised_back_of_hand_,26
_horse_face_,26
_black_circle_,26
_right-facing_fist_light_skin_tone_,26
_articulated_lorry_,26
_alien_monster_,25
_woman_technologist_,25
_woman_shrugging_medium_skin_tone_,25
_man_zombie_,25
_desktop_computer_,25
_hand_with_fingers_splayed_light_skin_tone_,25
_princess_,25
_open_book_,25
_cloud_with_rain_,24
_syringe_,24
_woman_zombie_,24
_performing_arts_,24
_Japan_,23
_house_with_garden_,23
_snow-capped_mountain_,23
_raised_hand_medium-light_skin_tone_,23
_bathtub_,23
_thumbs_up_dark_skin_tone_,23
_no_entry_,23
_lying_face_,23
_microscope_,23
_no_mobile_phones_,23
_right_arrow_curving_down_,23
_sports_medal_,23
_leafy_green_,23
_sunrise_,23
_deer_,22
_no_one_under_eighteen_,22
_man_light_skin_tone_,22
_wolf_,22
_small_orange_diamond_,22
_bottle_with_popping_cork_,22
_man_facepalming_medium_skin_tone_,22
_coconut_,22
_glass_of_milk_,22
_desert_island_,22
_umbrella_on_ground_,22
_guitar_,21
_baby_angel_,21
_OK_hand_dark_skin_tone_,21
_pill_,21
_person_tipping_hand_,21
_globe_showing_Asia-Australia_,21
_musical_keyboard_,21
_thumbs_down_dark_skin_tone_,21
_kissing_cat_,21
_teddy_bear_,21
_thumbs_down_medium_skin_tone_,21
_man_shrugging_medium-light_skin_tone_,21
_lotion_bottle_,20
_woman_,20
_woman_bowing_,20
_clapping_hands_medium-dark_skin_tone_,20
_backhand_index_pointing_left_medium-light_skin_tone_,20
_coffin_,20
_shooting_star_,20
_doughnut_,20
_pineapple_,20
_man_mage_,20
_hammer_,20
_left-facing_fist_,20
_victory_hand_medium_skin_tone_,20
_right-facing_fist_,19
_pinched_fingers_,19
_thumbs_up_medium-dark_skin_tone_,19
_man_technologist_,19
_kiss_,19
_woman_light_skin_tone_,19
_top_hat_,19
_man_raising_hand_medium-light_skin_tone_,19
_woman_cartwheeling_light_skin_tone_,19
_fork_and_knife_with_plate_,19
_keycap_1_,19
_motorcycle_,19
_boy_light_skin_tone_,19
_studio_microphone_,18
_folded_hands_dark_skin_tone_,18
_raised_back_of_hand_light_skin_tone_,18
_timer_clock_,18
_cucumber_,18
_wind_face_,18
_woman_bowing_light_skin_tone_,18
_microbe_,18
_eggplant_,18
_prayer_beads_,18
_umbrella_,18
_woman_gesturing_OK_,17
_balance_scale_,17
_white_exclamation_mark_,17
_women_holding_hands_,17
_keycap_3_,17
_litter_in_bin_sign_,17
_Brazil_,17
_pinched_fingers_light_skin_tone_,17
_banana_,17
_cooking_,17
_family_man_woman_girl_boy_,17
_baby_,17
_flashlight_,17
_tornado_,17
_love-you_gesture_medium-light_skin_tone_,17
_dress_,17
_shortcake_,17
_woman_getting_massage_light_skin_tone_,17
_check_box_with_check_,16
_hot_pepper_,16
_cheese_wedge_,16
_writing_hand_medium-light_skin_tone_,16
_Santa_Claus_,16
_sailboat_,16
_person_swimming_,16
_keycap_2_,16
_vulcan_salute_,16
_woman_facepalming_medium-dark_skin_tone_,16
_folded_hands_medium-dark_skin_tone_,16
_person_bowing_,16
_flexed_biceps_medium_skin_tone_,16
_cat_with_wry_smile_,16
_owl_,15
_honey_pot_,15
_multiply_,15
_locomotive_,15
_man_cook_medium-light_skin_tone_,15
_middle_finger_light_skin_tone_,15
_zzz_,15
_wastebasket_,15
_sign_of_the_horns_medium-light_skin_tone_,15
_person_gesturing_OK_medium-light_skin_tone_,15
_pear_,15
_princess_light_skin_tone_,15
_pen_,15
_boy_,15
_white_large_square_,15
_chestnut_,15
_alembic_,15
_saxophone_,14
_racing_car_,14
_briefcase_,14
_up_arrow_,14
_panda_,14
_tropical_fish_,14
_meat_on_bone_,14
_sunglasses_,14
_taxi_,14
_newspaper_,14
_bear_,14
_pouting_cat_,14
_person_tipping_hand_light_skin_tone_,14
_chicken_,14
_person_facepalming_light_skin_tone_,14
_man_,14
_call_me_hand_medium-light_skin_tone_,14
_index_pointing_up_light_skin_tone_,14
_otter_,14
_closed_umbrella_,14
_people_with_bunny_ears_,14
_fork_and_knife_,14
_cloud_with_snow_,13
_umbrella_with_rain_drops_,13
_trumpet_,13
_open_hands_,13
_world_map_,13
_rabbit_face_,13
_radioactive_,13
_potato_,13
_bat_,13
_grinning_cat_with_smiling_eyes_,13
_old_woman_light_skin_tone_,13
_necktie_,13
_man_walking_,13
_woman_medium-light_skin_tone_,13
_spider_,13
_new_moon_,13
_selfie_light_skin_tone_,13
_infinity_,13
_victory_hand_medium-dark_skin_tone_,13
_couch_and_lamp_,13
_graduation_cap_,13
_croissant_,12
_monkey_,12
_rooster_,12
_ship_,12
_full_moon_,12
_electric_plug_,12
_last_quarter_moon_face_,12
_man_detective_,12
_South_Korea_,12
_woman_gesturing_NO_,12
_bank_,12
_Greece_,12
_left_arrow_,12
_ewe_,12
_person_cartwheeling_,12
_woman_fairy_medium-light_skin_tone_,12
_backhand_index_pointing_down_dark_skin_tone_,12
_backhand_index_pointing_up_light_skin_tone_,12
_woman_walking_light_skin_tone_,12
_kiwi_fruit_,12
_flying_saucer_,12
_fountain_pen_,12
_wrench_,12
_woman_detective_light_skin_tone_,11
_Germany_,11
_muted_speaker_,11
_thumbs_down_medium-dark_skin_tone_,11
_VS_button_,11
_white_question_mark_,11
_mushroom_,11
_airplane_departure_,11
_joystick_,11
_mantelpiece_clock_,11
_cityscape_,11
_blue_circle_,11
_military_medal_,11
_bellhop_bell_,11
_backpack_,11
_thought_balloon_,11
_small_blue_diamond_,11
_cactus_,11
_hand_with_fingers_splayed_medium-light_skin_tone_,11
_selfie_medium-light_skin_tone_,11
_red_triangle_pointed_down_,11
_closed_book_,11
_family_,11
_grinning_cat_,11
_green_salad_,11
_oncoming_fist_medium_skin_tone_,11
_hollow_red_circle_,11
_construction_,11
_oncoming_police_car_,11
_national_park_,11
_shield_,11
_dragon_,11
_man_gesturing_OK_light_skin_tone_,10
_woman_cartwheeling_,10
_purse_,10
_middle_finger_dark_skin_tone_,10
_princess_medium-light_skin_tone_,10
_backhand_index_pointing_left_dark_skin_tone_,10
_backhand_index_pointing_down_medium-dark_skin_tone_,10
_trident_emblem_,10
_baby_bottle_,10
_woman_student_,10
_framed_picture_,10
_girl_light_skin_tone_,10
_violin_,10
_volcano_,10
_woman_raising_hand_medium_skin_tone_,10
_man_biking_,10
_lobster_,10
_white_flag_,10
_raised_fist_light_skin_tone_,10
_female_sign_,10
_man_fairy_,10
_fast_reverse_button_,10
_man_bowing_,10
_high-speed_train_,10
_black_small_square_,10
_rosette_,10
_bust_in_silhouette_,10
_black_large_square_,10
_key_,10
_test_tube_,10
_spaghetti_,10
_hole_,10
_detective_,10
_call_me_hand_medium_skin_tone_,10
_cloud_with_lightning_and_rain_,10
_man_raising_hand_medium_skin_tone_,9
_heart_on_fire_,9
_watch_,9
_man_cook_,9
_school_,9
_person_taking_bath_,9
_night_with_stars_,9
_firecracker_,9
_woman_gesturing_NO_light_skin_tone_,9
_sparkler_,9
_United_Kingdom_,9
_woman_running_light_skin_tone_,9
_woman_superhero_light_skin_tone_,9
_index_pointing_up_medium-light_skin_tone_,9
_man_dancing_medium-light_skin_tone_,9
_person_biking_,9
_cocktail_glass_,9
_goat_,9
_Statue_of_Liberty_,9
_nail_polish_medium-light_skin_tone_,9
_pool_8_ball_,9
_handbag_,9
_tropical_drink_,9
_baby_light_skin_tone_,9
_pregnant_woman_,9
_bicycle_,9
_tiger_face_,9
_old_woman_,9
_ear_of_corn_,9
_backhand_index_pointing_up_dark_skin_tone_,9
_man_walking_light_skin_tone_,9
_desert_,9
_factory_,9
_sunrise_over_mountains_,9
_backhand_index_pointing_up_medium-dark_skin_tone_,9
_place_of_worship_,9
_pirate_flag_,9
_drum_,9
_teacup_without_handle_,9
_person_getting_massage_,8
_woman_technologist_light_skin_tone_,8
_woman_swimming_light_skin_tone_,8
_scorpion_,8
_office_building_,8
_middle_finger_medium-light_skin_tone_,8
_person_fencing_,8
_man_shrugging_medium_skin_tone_,8
_scissors_,8
_white_flower_,8
_pine_decoration_,8
_pig_face_,8
_vulcan_salute_medium-light_skin_tone_,8
_monkey_face_,8
_sun_behind_small_cloud_,8
_waving_hand_medium_skin_tone_,8
_old_key_,8
_woman_light_skin_tone_red_hair_,8
_mouse_face_,8
_woman_biking_,8
_two-thirty_,8
_woman_detective_,8
_potable_water_,8
_vertical_traffic_light_,8
_person_shrugging_light_skin_tone_,8
_man_technologist_light_skin_tone_,8
_disguised_face_,8
_admission_tickets_,8
_OK_hand_medium-dark_skin_tone_,8
_hot_dog_,8
_chart_increasing_,8
_backhand_index_pointing_right_dark_skin_tone_,8
_locked_with_key_,8
_bridge_at_night_,8
_anchor_,8
_ear_,8
_fast-forward_button_,8
_locked_,8
_fairy_,8
_gear_,8
_boy_dark_skin_tone_,8
_man_vampire_,7
_Lebanon_,7
_bug_,7
_tear-off_calendar_,7
_raised_back_of_hand_medium-light_skin_tone_,7
_woman_scientist_,7
_dna_,7
_leopard_,7
_black_medium_square_,7
_woman_astronaut_light_skin_tone_,7
_black_flag_,7
_telescope_,7
_woman_scientist_medium-light_skin_tone_,7
_bikini_,7
_police_car_,7
_mount_fuji_,7
_soap_,7
_woman_gesturing_NO_medium-light_skin_tone_,7
_radio_,7
_tanabata_tree_,7
_elephant_,7
_family_woman_girl_,7
_melon_,7
_woman_light_skin_tone_blond_hair_,7
_large_orange_diamond_,7
_men_with_bunny_ears_,7
_egg_,7
_victory_hand_dark_skin_tone_,7
_person_with_veil_light_skin_tone_,7
_woman_mage_,7
_spider_web_,7
_woman_office_worker_,7
_bar_chart_,7
_person_walking_,7
_woman_cartwheeling_medium-light_skin_tone_,7
_rabbit_,7
_dragon_face_,7
_fire_engine_,7
_ledger_,7
_antenna_bars_,7
_Spain_,7
_backhand_index_pointing_left_medium_skin_tone_,7
_heavy_dollar_sign_,7
_woman_walking_,7
_person_frowning_,7
_flag_in_hole_,7
_baby_medium-light_skin_tone_,7
_atom_symbol_,7
_old_man_,7
_man_gesturing_NO_,7
_waning_crescent_moon_,7
_skier_,7
_goal_net_,7
_palms_up_together_medium-light_skin_tone_,7
_globe_with_meridians_,7
_game_die_,7
_video_camera_,7
_horse_racing_,7
_woman_getting_massage_medium-light_skin_tone_,7
_baguette_bread_,7
_wheelchair_symbol_,7
_child_light_skin_tone_,7
_snowboarder_,7
_Chile_,7
_hotel_,7
_backhand_index_pointing_right_medium_skin_tone_,7
_keycap_4_,6
_mango_,6
_bowl_with_spoon_,6
_gorilla_,6
_martial_arts_uniform_,6
_backhand_index_pointing_up_medium-light_skin_tone_,6
_oncoming_taxi_,6
_mountain_,6
_person_lifting_weights_,6
_boxing_glove_,6
_person_rowing_boat_,6
_frog_,6
_paintbrush_,6
_stopwatch_,6
_United_States_,6
_woman_getting_massage_,6
_fairy_light_skin_tone_,6
_man_tipping_hand_light_skin_tone_,6
_girl_medium-light_skin_tone_,6
_bookmark_tabs_,6
_plus_,6
_passenger_ship_,6
_fried_shrimp_,6
_hedgehog_,6
_keycap_0_,6
_fast_down_button_,6
_moai_,6
_hospital_,6
_person_gesturing_OK_light_skin_tone_,6
_handshake_medium_skin_tone_,6
_ferry_,6
_person_in_bed_,6
_jeans_,6
_backhand_index_pointing_right_medium-dark_skin_tone_,6
_person_with_veil_,6
_sunset_,6
_old_man_medium-light_skin_tone_,6
_blue_book_,6
_family_woman_girl_boy_,6
_ambulance_,6
_bed_,6
_man_cartwheeling_,6
_crayon_,6
_prince_,6
_right_arrow_curving_up_,6
_ear_light_skin_tone_,6
_right_anger_bubble_,6
_yen_banknote_,6
_spiral_shell_,6
_classical_building_,6
_writing_hand_medium_skin_tone_,6
_camping_,6
_woman_in_lotus_position_,6
_woman_running_medium-light_skin_tone_,6
_woman_running_medium_skin_tone_,6
_bullet_train_,6
_detective_light_skin_tone_,6
_busts_in_silhouette_,6
_satellite_antenna_,6
_man_astronaut_,6
_man_mechanic_,6
_cupcake_,6
_D_,6
_luggage_,6
_boy_medium-light_skin_tone_,6
_pregnant_woman_medium-light_skin_tone_,6
_envelope_,6
_envelope_with_arrow_,6
_pregnant_woman_light_skin_tone_,6
_woman_in_steamy_room_,6
_man_dancing_medium_skin_tone_,5
_baby_chick_,5
_baby_angel_medium-light_skin_tone_,5
_derelict_house_,5
_person_light_skin_tone_beard_,5
_notebook_with_decorative_cover_,5
_nut_and_bolt_,5
_ringed_planet_,5
_man_in_lotus_position_,5
_floppy_disk_,5
_person_blond_hair_,5
_three-thirty_,5
_bell_with_slash_,5
_oncoming_fist_dark_skin_tone_,5
_raising_hands_medium_skin_tone_,5
_rolled-up_newspaper_,5
_fox_,5
_card_index_dividers_,5
_foot_,5
_backhand_index_pointing_left_medium-dark_skin_tone_,5
_BACK_arrow_,5
_crossed_fingers_medium_skin_tone_,5
_SOON_arrow_,5
_hammer_and_wrench_,5
_person_getting_massage_light_skin_tone_,5
_skis_,5
_man_gesturing_NO_light_skin_tone_,5
_Azerbaijan_,5
_custard_,5
_person_facepalming_medium-light_skin_tone_,5
_castle_,5
_hot_springs_,5
_satellite_,5
_houses_,5
_peanuts_,5
_call_me_hand_medium-dark_skin_tone_,5
_person_,5
_tennis_,5
_men_holding_hands_,5
_oncoming_fist_medium-dark_skin_tone_,5
_woman_dancing_medium-dark_skin_tone_,5
_pie_,5
_club_suit_,5
_woman_dark_skin_tone_,5
_mermaid_light_skin_tone_,5
_clutch_bag_,5
_man_scientist_medium-light_skin_tone_,5
_light_skin_tone_,5
_man_running_light_skin_tone_,5
_woman_mage_light_skin_tone_,5
_family_woman_boy_,5
_Japanese_dolls_,5
_Italy_,5
_sun_behind_cloud_,5
_open_mailbox_with_raised_flag_,5
_bread_,5
_zombie_,5
_pick_,5
_woman_dancing_dark_skin_tone_,5
_kiss_woman_woman_,5
_parrot_,5
_dim_button_,5
_goggles_,5
_spade_suit_,5
_running_shirt_,5
_person_surfing_,5
_bus_,5
_woman_cook_,5
_railway_track_,5
_dolphin_,5
_man_police_officer_light_skin_tone_,5
_cow_,5
_puzzle_piece_,5
_drop_of_blood_,5
_person_walking_light_skin_tone_,5
_TOP_arrow_,5
_printer_,5
_sign_of_the_horns_medium_skin_tone_,4
_sign_of_the_horns_medium-dark_skin_tone_,4
_credit_card_,4
_counterclockwise_arrows_button_,4
_page_facing_up_,4
_shinto_shrine_,4
_giraffe_,4
_fuel_pump_,4
_steaming_bowl_,4
_cityscape_at_dusk_,4
_crossed_fingers_medium-light_skin_tone_,4
_biohazard_,4
_ferris_wheel_,4
_bubble_tea_,4
_down-right_arrow_,4
_broom_,4
_dvd_,4
_person_with_veil_medium-light_skin_tone_,4
_pig_,4
_prince_light_skin_tone_,4
_pretzel_,4
_stuffed_flatbread_,4
_spouting_whale_,4
_pound_banknote_,4
_straight_ruler_,4
_post_office_,4
_billed_cap_,4
_person_running_light_skin_tone_,4
_diamond_suit_,4
_person_golfing_,4
_person_gesturing_NO_light_skin_tone_,4
_roasted_sweet_potato_,4
_person_gesturing_NO_medium-light_skin_tone_,4
_right_arrow_curving_left_,4
_person_getting_massage_medium-light_skin_tone_,4
_curry_rice_,4
_repeat_button_,4
_detective_medium-light_skin_tone_,4
_carousel_horse_,4
_red_triangle_pointed_up_,4
_tiger_,4
_ballot_box_with_ballot_,4
_razor_,4
_first_quarter_moon_,4
_ox_,4
_palms_up_together_medium_skin_tone_,4
_woman_singer_light_skin_tone_,4
_octopus_,4
_woman_gesturing_OK_medium-light_skin_tone_,4
_incoming_envelope_,4
_man_tipping_hand_medium-light_skin_tone_,4
_man_tipping_hand_,4
_woman_health_worker_light_skin_tone_,4
_ice_,4
_man_teacher_,4
_woman_in_lotus_position_light_skin_tone_,4
_man_swimming_,4
_woman_in_lotus_position_medium-light_skin_tone_,4
_Belgium_,4
_man_facepalming_dark_skin_tone_,4
_no_littering_,4
_woman_in_steamy_room_medium-light_skin_tone_,4
_woman_juggling_,4
_no_smoking_,4
_man_health_worker_light_skin_tone_,4
_man_scientist_,4
_yellow_circle_,4
_magic_wand_,4
_woman_technologist_medium-light_skin_tone_,4
_woman_frowning_light_skin_tone_,4
_woman_tipping_hand_medium_skin_tone_,4
_man_genie_,4
_minus_,4
_woman_construction_worker_,4
_man_gesturing_OK_,4
_woman_cook_light_skin_tone_,4
_woman_bowing_medium-light_skin_tone_,4
_woman_curly_hair_,4
_woman_bouncing_ball_,4
_love_hotel_,4
_man_fairy_light_skin_tone_,4
_woman_artist_,4
_motor_boat_,4
_woman_detective_medium-light_skin_tone_,4
_keyboard_,4
_kaaba_,4
_last_quarter_moon_,4
_joker_,4
_woman_facepalming_dark_skin_tone_,4
_notebook_,4
_no_pedestrians_,4
_man_bowing_light_skin_tone_,4
_woman_police_officer_light_skin_tone_,4
_hammer_and_pick_,4
_onion_,4
_man_police_officer_,4
_T-Rex_,4
_man_office_worker_,4
_man_medium-dark_skin_tone_,4
_man_pouting_light_skin_tone_,4
_woman_medium-dark_skin_tone_,4
_woman_shrugging_medium-dark_skin_tone_,4
_open_hands_medium-light_skin_tone_,4
_vulcan_salute_light_skin_tone_,4
_guide_dog_,4
_woman_medium-light_skin_tone_blond_hair_,4
_older_person_,4
_oden_,4
_2nd_place_medal_,4
_family_woman_boy_boy_,3
_record_button_,3
_woman_elf_medium-light_skin_tone_,3
_bone_,3
_man_playing_handball_,3
_sun_behind_rain_cloud_,3
_woman_red_hair_,3
_woman_detective_medium_skin_tone_,3
_man_running_medium-light_skin_tone_,3
_boar_,3
_man_medium_skin_tone_,3
_left-facing_fist_medium-light_skin_tone_,3
_man_medium-light_skin_tone_blond_hair_,3
_rat_,3
_man_medium-light_skin_tone_,3
_metro_,3
_divide_,3
_END_arrow_,3
_koala_,3
_child_,3
_raised_hand_medium_skin_tone_,3
_ram_,3
_call_me_hand_dark_skin_tone_,3
_speaker_low_volume_,3
_man_getting_massage_light_skin_tone_,3
_family_man_woman_girl_,3
_chains_,3
_e-mail_,3
_sponge_,3
_man_shrugging_medium-dark_skin_tone_,3
_woman_medium_skin_tone_,3
_love-you_gesture_medium_skin_tone_,3
_man_student_light_skin_tone_,3
_eight-pointed_star_,3
_man_guard_,3
_woman_mountain_biking_,3
_cut_of_meat_,3
_woman_teacher_,3
_t-shirt_,3
_squid_,3
_duck_,3
_man_raising_hand_dark_skin_tone_,3
_woman_playing_handball_medium-light_skin_tone_,3
_boy_medium_skin_tone_,3
_woman_swimming_medium-light_skin_tone_,3
_poodle_,3
_station_,3
_woman_health_worker_medium-light_skin_tone_,3
_woman_pouting_light_skin_tone_,3
_left_arrow_curving_right_,3
_railway_car_,3
_play_or_pause_button_,3
_stethoscope_,3
_France_,3
_family_man_girl_boy_,3
_woman_surfing_,3
_blowfish_,3
_Ukraine_,3
_chipmunk_,3
_triangular_flag_,3
_anger_symbol_,3
_hamster_,3
_man_biking_light_skin_tone_,3
_handshake_light_skin_tone_,3
_handshake_medium-dark_skin_tone_,3
_baby_angel_light_skin_tone_,3
_sandwich_,3
_transgender_symbol_,3
_old_woman_medium-light_skin_tone_,3
_nose_,3
_sake_,3
_small_airplane_,3
_person_frowning_medium-light_skin_tone_,3
_man_detective_medium-light_skin_tone_,3
_backhand_index_pointing_down_medium_skin_tone_,3
_man_facepalming_medium-dark_skin_tone_,3
_old_man_light_skin_tone_,3
_man_construction_worker_,3
_waxing_crescent_moon_,3
_funeral_urn_,3
_Tokyo_tower_,3
_orange_book_,3
_open_hands_light_skin_tone_,3
_videocassette_,3
_garlic_,3
_girl_medium_skin_tone_,3
_man_cartwheeling_medium-light_skin_tone_,3
_paperclip_,3
_peacock_,3
_upwards_button_,3
_couple_with_heart_man_man_,3
_oncoming_bus_,3
_zebra_,3
_scroll_,3
_peace_symbol_,3
_Sudan_,3
_wavy_dash_,3
_crab_,3
_crocodile_,3
_person_running_medium-light_skin_tone_,3
_wind_chime_,3
_chopsticks_,3
_man_frowning_light_skin_tone_,3
_Mexico_,3
_file_folder_,3
_ten-thirty_,3
_motorway_,3
_file_cabinet_,3
_barber_pole_,3
_woman_artist_light_skin_tone_,3
_woman_blond_hair_,3
_woman_student_light_skin_tone_,3
_slot_machine_,3
_keycap_8_,3
_curly_loop_,3
_sloth_,3
_person_mountain_biking_,3
_teapot_,3
_white_medium_square_,3
_nail_polish_medium_skin_tone_,3
_ice_skate_,3
_person_juggling_,3
_ticket_,3
_baggage_claim_,3
_ice_hockey_,3
_roller_coaster_,3
_cross_mark_button_,3
_computer_mouse_,2
_control_knobs_,2
_carp_streamer_,2
_woman_supervillain_,2
_Cancer_,2
_cinema_,2
_circled_M_,2
_Croatia_,2
_compass_,2
_Aquarius_,2
_Argentina_,2
_six-thirty_,2
_card_file_box_,2
_chess_pawn_,2
_woman_teacher_light_skin_tone_,2
_church_,2
_yin_yang_,2
_COOL_button_,2
_3rd_place_medal_,2
_chart_decreasing_,2
_writing_hand_medium-dark_skin_tone_,2
_China_,2
_women_wrestling_,2
_canned_food_,2
_sign_of_the_horns_dark_skin_tone_,2
_closed_mailbox_with_raised_flag_,2
_Canada_,2
_woman_vampire_,2
_Colombia_,2
_camel_,2
_stop_sign_,2
_Denmark_,2
_Sagittarius_,2
_train_,2
_trackball_,2
_Santa_Claus_medium-light_skin_tone_,2
_baby_symbol_,2
_Santa_Claus_light_skin_tone_,2
_toolbox_,2
_waving_hand_dark_skin_tone_,2
_Russia_,2
_thermometer_,2
_whale_,2
_Oman_,2
_white_medium-small_square_,2
_OK_button_,2
_white_small_square_,2
_baseball_,2
_white_square_button_,2
_triangular_ruler_,2
_Scorpio_,2
_Scotland_,2
_axe_,2
_Taurus_,2
_vibration_mode_,2
_convenience_store_,2
_vampire_,2
_Virgo_,2
_Sweden_,2
_up-right_arrow_,2
_up-left_arrow_,2
_vulcan_salute_medium_skin_tone_,2
_up-down_arrow_,2
_unlocked_,2
_amphora_,2
_two-hump_camel_,2
_twelve-thirty_,2
_ant_,2
_Norway_,2
_bento_box_,2
_butter_,2
_breast-feeding_medium-light_skin_tone_,2
_woman_kneeling_medium-light_skin_tone_,2
_woman_lifting_weights_,2
_breast-feeding_,2
_Israel_,2
_woman_light_skin_tone_white_hair_,2
_woman_mechanic_,2
_woman_mechanic_light_skin_tone_,2
_woman_office_worker_light_skin_tone_,2
_Netherlands_,2
_woman_office_worker_medium-light_skin_tone_,2
_speedboat_,2
_Gemini_,2
_speaker_medium_volume_,2
_building_construction_,2
_burrito_,2
_woman_scientist_light_skin_tone_,2
_boy_medium-dark_skin_tone_,2
_UP!_button_,2
_woman_gesturing_NO_medium-dark_skin_tone_,2
_Japanese_castle_,2
_tent_,2
_NEW_button_,2
_woman_astronaut_,2
_black_medium-small_square_,2
_black_nib_,2
_woman_bowing_medium_skin_tone_,2
_Japanese_symbol_for_beginner_,2
_woman_cartwheeling_medium_skin_tone_,2
_takeout_box_,2
_sushi_,2
_woman_construction_worker_light_skin_tone_,2
_woman_cook_medium-light_skin_tone_,2
_Japanese_prohibited_button_,2
_woman_elf_medium_skin_tone_,2
_woman_frowning_medium-light_skin_tone_,2
_shark_,2
_right-facing_fist_medium-light_skin_tone_,2
_00da_,2
_raising_hands_medium-dark_skin_tone_,2
_green_book_,2
_eleven-thirty_,2
_om_,2
_man_surfing_,2
_linked_paperclips_,2
_fog_,2
_prince_medium-light_skin_tone_,2
_person_playing_handball_,2
_left-right_arrow_,2
_princess_medium_skin_tone_,2
_man_scientist_light_skin_tone_,2
_dumpling_,2
_man_lifting_weights_,2
_downwards_button_,2
_down-left_arrow_,2
_person_biking_dark_skin_tone_,2
_door_,2
_raised_back_of_hand_medium_skin_tone_,2
_raised_fist_dark_skin_tone_,2
_nose_light_skin_tone_,2
_man_shrugging_dark_skin_tone_,2
_raised_fist_medium-light_skin_tone_,2
_man_in_lotus_position_medium_skin_tone_,2
_person_light_skin_tone_blond_hair_,2
_no_bicycles_,2
_man_light_skin_tone_blond_hair_,2
_man_light_skin_tone_red_hair_,2
_man_light_skin_tone_white_hair_,2
_girl_medium-dark_skin_tone_,2
_part_alternation_mark_,2
_four-thirty_,2
_pancakes_,2
_person_taking_bath_light_skin_tone_,2
_person_with_skullcap_,2
_man_pouting_medium-light_skin_tone_,2
_fountain_,2
_page_with_curl_,2
_person_with_veil_medium_skin_tone_,2
_girl_dark_skin_tone_,2
_man_pouting_medium_skin_tone_,2
_pinched_fingers_medium-light_skin_tone_,2
_gloves_,2
_pinched_fingers_medium_skin_tone_,2
_pinching_hand_,2
_optical_disk_,2
_open_mailbox_with_lowered_flag_,2
_man_office_worker_light_skin_tone_,2
_man_mountain_biking_,2
_person_running_dark_skin_tone_,2
_man_mechanic_light_skin_tone_,2
_family_man_boy_,2
_polar_bear_,2
_police_officer_,2
_person_biking_light_skin_tone_,2
_non-potable_water_,2
_merman_medium_skin_tone_,2
_person_in_suit_levitating_,2
_man_cartwheeling_dark_skin_tone_,2
_minibus_,2
_curling_stone_,2
_male_sign_,2
_couple_with_heart_woman_man_,2
_crossed_fingers_dark_skin_tone_,2
_inbox_tray_,2
_man_dancing_medium-dark_skin_tone_,2
_person_lifting_weights_light_skin_tone_,2
_man_detective_light_skin_tone_,2
_input_latin_lowercase_,2
_salt_,2
_mobile_phone_off_,2
_sauropod_,2
_input_numbers_,2
_mouse_,2
_cow_face_,2
_fish_cake_with_swirl_,2
_scarf_,2
_man_supervillain_,2
_currency_exchange_,2
_name_badge_,2
_seat_,2
_large_blue_diamond_,2
_level_slider_,2
_service_dog_,2
_horizontal_traffic_light_,2
_man_cartwheeling_light_skin_tone_,2
_cooked_rice_,2
_mosque_,2
_rice_ball_,2
_kite_,2
_dango_,2
_middle_finger_medium-dark_skin_tone_,2
_man_bouncing_ball_,2
_kiss_man_man_,2
_person_in_tuxedo_,2
_kimono_,2
_man_swimming_medium-light_skin_tone_,2
_rhinoceros_,2
_man_dark_skin_tone_,2
_Japanese_congratulations_button_,1
_man_surfing_light_skin_tone_,1
_man_teacher_light_skin_tone_,1
_woman_health_worker_medium_skin_tone_,1
_left_luggage_,1
_man_with_veil_light_skin_tone_,1
_woman_gesturing_OK_medium_skin_tone_,1
_left-facing_fist_dark_skin_tone_,1
_woman_getting_haircut_light_skin_tone_,1
_man_tipping_hand_medium_skin_tone_,1
_Japanese_acceptable_button_,1
_man_tipping_hand_dark_skin_tone_,1
_woman_getting_haircut_,1
_woman_getting_massage_medium_skin_tone_,1
_man_teacher_medium-light_skin_tone_,1
_woman_golfing_,1
_Jamaica_,1
_Japanese_application_button_,1
_Japanese_bargain_button_,1
_left-facing_fist_medium_skin_tone_,1
_man_wearing_turban_light_skin_tone_,1
_woman_genie_,1
_Japanese_not_free_of_charge_button_,1
_map_of_Japan_,1
_woman_frowning_,1
_Japanese_reserved_button_,1
_Japanese_secret_button_,1
_label_,1
_Japanese_service_charge_button_,1
_lab_coat_,1
_woman_cook_medium_skin_tone_,1
_woman_construction_worker_medium-light_skin_tone_,1
_kick_scooter_,1
_woman_climbing_,1
_mirror_,1
_keycap_9_,1
_Japanese_vacancy_button_,1
_keycap_6_,1
_woman_bowing_medium-dark_skin_tone_,1
_keycap_5_,1
_Leo_,1
_keycap_10_,1
_monorail_,1
_woman_biking_light_skin_tone_,1
_merman_,1
_Japanese_post_office_,1
_Japanese_passing_grade_button_,1
_Japanese_here_button_,1
_woman_farmer_medium-light_skin_tone_,1
_woman_farmer_light_skin_tone_,1
_woman_farmer_,1
_Japanese_discount_button_,1
_latin_cross_,1
_woman_fairy_dark_skin_tone_,1
_Japanese_free_of_charge_button_,1
_woman_factory_worker_light_skin_tone_,1
_Japanese_monthly_amount_button_,1
_menorah_,1
_Japanese_no_vacancy_button_,1
_last_track_button_,1
_Japanese_open_for_business_button_,1
_medical_symbol_,1
_medium-light_skin_tone_,1
_woman_elf_light_skin_tone_,1
_woman_elf_,1
_men_wrestling_,1
_woman_in_lotus_position_medium_skin_tone_,1
_man_rowing_boat_,1
_woman_in_steamy_room_light_skin_tone_,1
_man_health_worker_medium-light_skin_tone_,1
_man_frowning_,1
_man_frowning_medium-dark_skin_tone_,1
_man_frowning_medium-light_skin_tone_,1
_Capricorn_,1
_man_gesturing_OK_medium_skin_tone_,1
_man_getting_massage_,1
_man_golfing_,1
_Clipperton_Island_,1
_woman_teacher_medium_skin_tone_,1
_woman_teacher_medium-light_skin_tone_,1
_man_in_lotus_position_light_skin_tone_,1
_man_farmer_light_skin_tone_,1
_man_judge_,1
_woman_surfing_medium_skin_tone_,1
_woman_surfing_medium-light_skin_tone_,1
_man_juggling_,1
_man_juggling_light_skin_tone_,1
_woman_superhero_,1
_woman_student_medium-dark_skin_tone_,1
_lol_,1
_DAS_,1
_woman_standing_light_skin_tone_,1
_woman_vampire_light_skin_tone_,1
_man_farmer_,1
_man_light_skin_tone_bald_,1
_man_artist_light_skin_tone_,1
_man_cartwheeling_medium_skin_tone_,1
_man_climbing_,1
_man_dancing_dark_skin_tone_,1
_yellow_square_,1
_ATM_sign_,1
_man_artist_medium-light_skin_tone_,1
_Albania_,1
_yarn_,1
_Andorra_,1
_man_dark_skin_tone_bald_,1
_writing_hand_dark_skin_tone_,1
_woman_walking_medium-light_skin_tone_,1
_Aries_,1
_Austria_,1
_man_elf_light_skin_tone_,1
_man_artist_,1
_mahjong_red_dragon_,1
_Bulgaria_,1
_CL_button_,1
_man_fairy_dark_skin_tone_,1
_woman_with_headscarf_light_skin_tone_,1
_woman_wearing_turban_light_skin_tone_,1
_woman_singer_medium-dark_skin_tone_,1
_woman_singer_,1
_man_supervillain_light_skin_tone_,1
_man_singer_,1
_llama_,1
_lizard_,1
_woman_medium_skin_tone_curly_hair_,1
_woman_bald_,1
_Iran_,1
_man_running_medium-dark_skin_tone_,1
_man_scientist_medium_skin_tone_,1
_woman_mage_medium-light_skin_tone_,1
_woman_mage_medium-dark_skin_tone_,1
_light_rail_,1
_woman_light_skin_tone_curly_hair_,1
_woman_pilot_,1
_man_student_dark_skin_tone_,1
_woman_light_skin_tone_bald_,1
_man_student_medium-dark_skin_tone_,1
_man_superhero_,1
_man_superhero_light_skin_tone_,1
_woman_kneeling_light_skin_tone_,1
_woman_juggling_light_skin_tone_,1
_woman_judge_medium-light_skin_tone_,1
_woman_judge_medium-dark_skin_tone_,1
_woman_in_tuxedo_,1
_man_raising_hand_medium-dark_skin_tone_,1
_woman_playing_handball_,1
_locked_with_pen_,1
_Finland_,1
_ERROR_,1
_woman_scientist_medium_skin_tone_,1
_woman_scientist_medium-dark_skin_tone_,1
_man_medium-light_skin_tone_bald_,1
_woman_scientist_dark_skin_tone_,1
_man_pilot_,1
_Egypt_,1
_FREE_button_,1
_woman_rowing_boat_,1
_man_playing_handball_light_skin_tone_,1
_man_playing_water_polo_,1
_woman_playing_water_polo_,1
_man_playing_water_polo_light_skin_tone_,1
_woman_raising_hand_dark_skin_tone_,1
_ID_button_,1
_woman_pouting_medium-light_skin_tone_,1
_man_police_officer_medium-light_skin_tone_,1
_woman_police_officer_medium-dark_skin_tone_,1
_man_police_officer_medium_skin_tone_,1
_woman_police_officer_,1
_woman_playing_water_polo_medium_skin_tone_,1
_woman_playing_water_polo_medium-light_skin_tone_,1
_Libra_,1
_cook_light_skin_tone_,1
_moon_cake_,1
_star_and_crescent_,1
_pinching_hand_light_skin_tone_,1
_bowling_,1
_pinching_hand_medium-light_skin_tone_,1
_pinching_hand_medium_skin_tone_,1
_family_man_woman_girl_girl_,1
_ping_pong_,1
_family_man_woman_boy_boy_,1
_family_man_girl_,1
_stop_button_,1
_star_of_David_,1
_face_with_spiral_eyes_,1
_bookmark_,1
_eye_in_speech_bubble_,1
_postal_horn_,1
_postbox_,1
_eject_button_,1
_eight-spoked_asterisk_,1
_breast-feeding_light_skin_tone_,1
_spoon_,1
_princess_dark_skin_tone_,1
_spiral_notepad_,1
_purple_circle_,1
_sun_behind_large_cloud_,1
_pinched_fingers_medium-dark_skin_tone_,1
_moon_viewing_ceremony_,1
_person_taking_bath_medium-light_skin_tone_,1
_person_pouting_light_skin_tone_,1
_fire_extinguisher_,1
_person_raising_hand_medium_skin_tone_,1
_person_running_medium-dark_skin_tone_,1
_person_running_medium_skin_tone_,1
_field_hockey_,1
_person_shrugging_medium_skin_tone_,1
_person_standing_,1
_person_swimming_light_skin_tone_,1
_person_swimming_medium-light_skin_tone_,1
_fax_machine_,1
_pig_nose_,1
_fast_up_button_,1
_person_wearing_turban_,1
_taco_,1
_person_wearing_turban_light_skin_tone_,1
_black_square_button_,1
_synagogue_,1
_swan_,1
_person_with_skullcap_medium-light_skin_tone_,1
_superhero_light_skin_tone_,1
_petri_dish_,1
_raccoon_,1
_double_curly_loop_,1
_dotted_six-pointed_star_,1
_scientist_,1
_crossed_flags_,1
_roll_of_paper_,1
_cricket_game_,1
_sled_,1
_circus_tent_,1
_rugby_football_,1
_sad_,1
_skateboard_,1
_singer_light_skin_tone_,1
_clamp_,1
_scientist_medium_skin_tone_,1
_raised_back_of_hand_medium-dark_skin_tone_,1
_clockwise_vertical_arrows_,1
_closed_mailbox_with_lowered_flag_,1
_shuffle_tracks_button_,1
_couple_with_heart_woman_woman_,1
_cloud_with_lightning_,1
_sdaSD_,1
_coin_,1
_copyright_,1
_computer_disk_,1
_cook_medium-light_skin_tone_,1
_right-facing_fist_medium_skin_tone_,1
_children_crossing_,1
_rice_cracker_,1
_customs_,1
_diving_mask_,1
_sparkle_,1
_raised_hand_dark_skin_tone_,1
_softball_,1
_diamond_with_a_dot_,1
_socks_,1
_raising_hands_dark_skin_tone_,1
_department_store_,1
_red_envelope_,1
_deaf_woman_,1
_deaf_person_light_skin_tone_,1
_deaf_man_light_skin_tone_,1
_canoe_,1
_red_square_,1
_snail_,1
_card_index_,1
_dddddd_,1
_reminder_ribbon_,1
_repeat_single_button_,1
_restroom_,1
_reverse_button_,1
_person_pouting_,1
_bell_pepper_,1
_person_medium_skin_tone_beard_,1
_waning_gibbous_moon_,1
_nine-thirty_,1
_waving_hand_medium-dark_skin_tone_,1
_ninja_light_skin_tone_,1
_health_worker_,1
_Santa_Claus_medium_skin_tone_,1
_water_closet_,1
_water_buffalo_,1
_nose_medium-light_skin_tone_,1
_Serbia_,1
_oil_drum_,1
_old_woman_dark_skin_tone_,1
_Uzbekistan_,1
_waffle_,1
_olive_,1
_vulcan_salute_dark_skin_tone_,1
_Switzerland_,1
_one-thirty_,1
_open_file_folder_,1
_open_hands_dark_skin_tone_,1
_orthodox_cross_,1
_Uganda_,1
_outbox_tray_,1
_seven-thirty_,1
_helicopter_,1
_waxing_gibbous_moon_,1
_Poland_,1
_mosquito_,1
_Malta_,1
_mountain_railway_,1
_NG_button_,1
_input_symbols_,1
_North_Korea_,1
_North_Macedonia_,1
_input_latin_uppercase_,1
_input_latin_letters_,1
_information_,1
_nail_polish_dark_skin_tone_,1
_nail_polish_medium-dark_skin_tone_,1
_ON!_arrow_,1
_Ophiuchus_,1
_P_button_,1
_Paraguay_,1
_nesting_dolls_,1
_wheel_of_dharma_,1
_horse_racing_light_skin_tone_,1
_wedding_,1
_Pisces_,1
_pager_,1
_vampire_medium-light_skin_tone_,1
_person_medium-light_skin_tone_blond_hair_,1
_first_quarter_moon_face_,1
_flamingo_,1
_baby_medium_skin_tone_,1
_tractor_,1
_person_facepalming_medium_skin_tone_,1
_five-thirty_,1
_fishing_pole_,1
_tooth_,1
_person_getting_haircut_,1
_person_getting_haircut_light_skin_tone_,1
_toilet_,1
_person_in_lotus_position_light_skin_tone_,1
_parachute_,1
_person_in_suit_levitating_medium-light_skin_tone_,1
_person_in_tuxedo_medium_skin_tone_,1
_bacon_,1
_badger_,1
_badminton_,1
_bagel_,1
_person_light_skin_tone_,1
_person_medium-dark_skin_tone_beard_,1
_person_medium-light_skin_tone_,1
_person_medium-light_skin_tone_beard_,1
_tram_,1
_tram_car_,1
_fleur-de-lis_,1
_person_dark_skin_tone_beard_,1
_abacus_,1
_passport_control_,1
_pause_button_,1
_fortune_cookie_,1
_airplane_arrival_,1
_foot_medium-light_skin_tone_,1
_american_football_,1
_foot_light_skin_tone_,1
_foggy_,1
_person_beard_,1
_flower_playing_cards_,1
_turkey_,1
_person_biking_medium-light_skin_tone_,1
_person_bouncing_ball_,1
_person_bouncing_ball_light_skin_tone_,1
_person_bowing_light_skin_tone_,1
_flexed_biceps_medium-dark_skin_tone_,1
_trollface_,1
_trolleybus_,1
_person_cartwheeling_light_skin_tone_,1
_person_dark_skin_tone_bald_,1
_next_track_button_,1
